-- EITAN - E123456!
INSERT INTO Users 
VALUES ('Eitan','Eitan','Platok','Israel',
'$2a$10$62oNMgxQQUhTmLFi2FKpd.Iz.XgHD8NAmU1oa3M7E4wcW/w14QJTG',
'eitanpl@post.bgu.ac.il','img_url_Eitan');

-- DAVID - D123456!
INSERT INTO Users 
VALUES ('David','David','Fadida','Israel',
'$2a$10$BoHmhJa.5hvUhrHsK/lyVOL5qD6URCfz9ySHuhBws4tWWYAjhYjnW',
'davidfad@post.bgu.ac.il','img_url_David');

-- FR 
-- 1
INSERT INTO Family_Recipes VALUES 
(
'David','Pancakes','https://static01.nyt.com/images/2017/03/24/dining/24COOKING-CLASSICPANCAKES/24COOKING-CLASSICPANCAKES-articleLarge.jpg', 30,'Grandma Sarah','Every weekend',6,
'100g plain flour   ~   2 eggs   ~   300ml milk   ~   1 tbsp sunflower oil   ~   lemon',
'Put 100g plain flour, 2 eggs, 300ml milk, 1 tbsp sunfloweroil and a pinch of salt into a bowl or large jug.
 Then whisk to a smooth batter.
 Set aside for 30 mins to rest if you have time, or start cooking straight away.
 Set a medium frying pan or crêpe pan over a medium heat and carefully wipe it with some oiled kitchen paper.
 When hot, cook your pancakes for 1 min on each side until golden, keeping them warm in a low oven as you go.
 Serve with your favourite filling.'
);

-- 2
INSERT INTO Family_Recipes 
VALUES 
(
'Eitan','Chocolate Biscuits','https://keyassets-p2.timeincuk.net/wp/prod/wp-content/uploads/sites/50/2012/04/double-choc-biscuits.jpg', 40,'Grandma Ester','Every weekend', 25,
'250g butter   ~   350g brown sugar   ~   2 eggs   ~   350g flour   ~   100g cocoa powder   ~   200g chocolate chips',
'Beat the butter and sugar together in a bowl until light and fluffy. 
 Then beat in the eggs one at a time.
 Sift over the flour and cocoa powder and beat into the butter mix. 
 Then fold through the chocolate chips. 
 To bake, heat oven to 190C/170C. 
 If the mix is at room temperature, place evenly spaced spoonfuls on parchment-lined baking sheets,
 allowing 2 tbsp for each cookie.
 Bake for 12-15 mins until spread out and crusty around the outside. 
 Leave to cool slightly and enjoy warm, or leave to cool completely and eat cold.'
);

-- 3
INSERT INTO Family_Recipes VALUES 
(
'David','white bread','https://bakingamoment.com/wp-content/uploads/2020/01/IMG_7173-white-bread-2.jpg', 60,'Grandma Sarah','Every Friday', 5,
'500g strong white flour   ~   2 tsp salt   ~   7g yeast   ~   3 tbsp olive oil   ~   300ml water',
'Mix 500g strong white flour, 2 tsp salt and a 7g yeast in a large bowl.
 Make a well in the centre, then add 3 tbsp olive oil and 300ml water, and mix well.
 If the dough seems a little stiff, add another 1-2 tbsp water and mix well.
 Tip onto a lightly floured work surface and knead for around 10 mins.
 Once the dough is satin-smooth, place it in a lightly oiled bowl and cover with cling film.
 Leave to rise for 1 hour until doubled in size or place in the fridge overnight.
 Line a baking tray with baking parchment.
 Knock back the dough then gently mould the dough into a ball.
 Place it on the baking parchment to prove for a further hour until doubled in size.
 Heat oven to 220C/200C.
 Dust the loaf with some extra flour and cut a cross about 6cm long into the top of the loaf with a sharp knife.
 Bake for 25-30 mins until golden brown and the loaf sounds hollow when tapped underneath.
 Cool on a wire rack.'
);

-- 4
INSERT INTO Family_Recipes VALUES 
(
'Eitan','Spicy Kimchi Chicken Rotini','https://imagesvc.meredithcorp.io/v3/mm/image?url=https%3A%2F%2Fimages.media-allrecipes.com%2Fuserphotos%2F2281988.jpg', 35,'Grandma Ester','Every Friday', 6,
'1 (12 ounce) box whole wheat rotini pasta   ~   2 cups garlic mushroom marinara sauce   ~   1 cup chopped kimchi   ~   ½ cup shredded cooked chicken   ~   ½ cup diced white onion  ~  1 tablespoon red chile paste  ~  1 tablespoon butter  ~  1 tablespoon chopped scallion',
'Bring a large pot of heavily salted water to a boil; cook the rotini at a boil until tender yet firm to the bite, about 15 minutes; drain and transfer to a bowl.
Bring marinara sauce to a simmer in a saucepan. Add kimchi, chicken, onion, and red chile paste; stir until completely mixed and heated through, about 5 minutes.
Mix butter into pasta and toss to coat. Pour marinara sauce over pasta and top with scallions.'
);

-- 5
INSERT INTO Family_Recipes VALUES 
(
'Eitan','Hamburger Stroganoff','https://imagesvc.meredithcorp.io/v3/mm/image?url=https%3A%2F%2Fimages.media-allrecipes.com%2Fuserphotos%2F6249906.jpg', 30,'Grandma Pola','Every Holidays', 6,
'1 (16 ounce) package egg noodles   ~   1 pound lean ground beef   ~   1 (.75 ounce) packet dry brown gravy mix   ~   1 (8 ounce) package cream cheese   ~   1 (6 ounce) can chopped mushrooms, with liquid  ~  ½ cup milk  ~  1 (8 ounce) container sour cream  ~  2 (10.75 ounce) cans condensed cream of mushroom soup',
'Bring a large pot of lightly salted water to a boil. Add egg noodles and cook for 8 to 10 minutes or until al dente; drain.
In a skillet over medium heat, brown the ground beef until no pink shows, about 5 minutes; drain fat.
Mix brown gravy, cream cheese, and mushrooms with hamburger, stirring until cream cheese melts. Add milk, sour cream, and mushroom soup to cooked pasta. Blend hamburger mixture with pasta.'
);

-- 6
INSERT INTO Family_Recipes VALUES 
(
'David','Crispy Baked Chicken Thighs','https://allasiarecipes.com/wp-content/uploads/2018/11/crispy-baked-chicken-thighs.jpg', 60,'Grandma Bracha','Every Saturday', 6,
'6 eaches skin-on, bone-in chicken thighs   ~   1 pinch salt and ground black pepper to taste   ~   1 pinch garlic powder, or to taste',
'Preheat oven to 475 degrees F (245 degrees C). Set a wire rack inside a broiler pan or baking pan.
Pat chicken thighs dry with paper towels. Lift up skin gently; sprinkle salt, pepper, and garlic powder under the skin. Replace skin. Season skin and underside of the thighs with salt, pepper, and garlic powder. Arrange on the rack.
Roast in the preheated oven until golden, about 20 minutes. Reduce oven temperature to 400 degrees F (200 degrees C). Continue roasting until juices run clear, about 30 minutes more. Let rest for 5 minutes before serving.'
);


-- PR
-- 1
INSERT INTO Private_Recipes 
VALUES 
(
'Eitan','Chicken Kiev','//www.bbcgoodfood.com/sites/default/files/styles/recipe/public/recipe_images/recipe-image-legacy-id--350498_10.jpg?itok=v4Vt29Ll',40,0,'false','false','false','false','false',4,
'6 garlic   ~   2 small bunch parsley   ~   85g breadcrumbs   ~   4 chicken breasts   ~   4 tbsp garlic soft cheese',
'Heat oven to 200C/180C.
 Whizz together the 2 garlic cloves, parsley and 1 tsp olive oil in a food processor.
 Add the breadcrumbs and seasoning before pulsing briefly to mix.
 Tip onto a plate.
 Cut a slit in the side of each chicken breast, at the plump end.
 Spoon 1/4 of the soft cheese into each hole and press the edges together to seal.
 Rub 2 tsp oil over all the chicken breasts before pressing the herby crumbs onto them.
 Place the coated chicken in a shallow roasting tin.
 Scatter round the remaining unpeeled garlic cloves and drizzle with the rest of the oil.
 Bake for 20-25 mins until the chicken is cooked and crumbs crisp and golden.
 Squeeze out the soft, roasted garlic from the skins and serve with the chicken.'
);

-- 2
INSERT INTO Private_Recipes 
VALUES 
(
'Eitan','Strawberry Ice Cream','https://www.biggerbolderbaking.com/wp-content/uploads/2018/05/1C5A7434.jpg',30,0,'true','false','false','false','false',8,
'400g punnet strawberries   ~   250g tub mascarpone   ~   198g can condensed milk   ~   cones to serve',
'Pull the green hulls out of the strawberries.
 If they are still quite hard, cut them in half or quarters with a table knife.
 Tip them into a flat-bottomed dish.
 Use a potato masher to squash the strawberries as much as you can.
 Tip into a bowl.
 Add the mascarpone and mash this in – don’t worry if it is a bit lumpy.
 Add the condensed milk and mix everything together - don’t worry if the mix is streaky.
 Spoon the mixture into a metal or plastic box and put it in the freezer.
 Wait until the next day or at least 6 hours before scooping into bowls or cones.
 Decorate how you like.'
);

-- 3
INSERT INTO Private_Recipes 
VALUES 
(
'David','Lemonade','https://assets.tmecosys.com/image/upload/t_web767x639/img/recipe/ras/Assets/CE17D32B-FB73-4B10-906D-FB397B545D08/Derivates/6BAA4718-A0A9-4CA5-8EE1-F16DFCC9A1D3.jpg',10,0,'true','true','true','false','false', 8,
'3 unwaxed lemons   ~   140g caster sugar   ~   1l cold water',
'Tip the lemons, sugar and half the water into a food processor and blend until the lemon is finely chopped.
 Pour the mixture into a sieve over a bowl. 
 Then press through as much juice as you can.
 Top up with the remaining water and serve with plain ice or frozen with slices of lemon and lime.'
);

-- 4
INSERT INTO Private_Recipes 
VALUES 
(
'David','Thai-Style Turkey Burgers','https://imagesvc.meredithcorp.io/v3/mm/image?url=https%3A%2F%2Fimages.media-allrecipes.com%2Fuserphotos%2F4477186.jpg',30,0,'false','false','false','false','false', 4,
'1 egg, beaten   ~   2 tablespoons soy sauce   ~   ⅓ cup minced fresh cilantro  ~  2 eaches green onions, thinly sliced  ~  1 ½ tablespoons minced fresh ginger, or more to taste  ~  2 cloves garlic, minced  ~  1 pinch salt and ground black pepper to taste  ~  1 pound lean ground turkey  ~  ⅓ cup bread crumbs',
'Whisk egg and soy sauce together in a bowl; add cilantro, green onions, ginger, garlic, salt, and pepper. Mix turkey and bread crumbs into mixture and mix well; form into 4 patties.
 Heat a large non-stick skillet over medium heat. Place patties in the hot skillet; cover skillet and cook, turning once, until burgers are no longer pink in the center, about 15 minutes. An instant-read thermometer inserted into the center should read at least 165 degrees F (74 degrees C).'
);

-- 5
INSERT INTO Private_Recipes 
VALUES 
(
'David','Sausage Kebabs','https://pixel.parall.ax/parallax-agency/image/upload/w_560,h_575,c_fill/expose/cauldron-2018/site-images/20180702164607_SWEET AND STICKY THAI SKEWERS.jpg',30,0,'false','false','true','false','false', 4,
'1 1/2 lb. sweet Italian sausage links, cut crosswise into 1 1/2-in. pieces   ~   2 tbsp. olive oil   ~   Kosher salt and pepper  ~  1 red bell pepper, cut into 1-in. pieces + 1 cup grape tomatoes',
'Heat grill to medium-high. Choose veggie combo. In large bowl, toss sausage and vegetables with oil and 1/2 tsp each salt and pepper.
 Thread sausage and vegetables onto skewers and grill, turning occasionally, until sausage is cooked through, 10 to 12 min.'
);

-- 6
INSERT INTO Private_Recipes 
VALUES 
(
'Eitan','Spinach and Artichoke Pizza','https://www.tasteofhome.com/wp-content/uploads/2018/01/exps175485_TH153341B11_24_1b-1-696x696.jpg',20,0,'true','false','true','false','false', 4,
'Flour, for surface   ~   1 lb. pizza dough, at room temperature   ~   Cornmeal, for baking sheet  ~  1/2 c. small curd 1% cottage cheese  ~ 2 tbsp. grated Pecorino Romano cheese  ~  2 tsp. finely grated lemon zest  ~  Kosher salt and pepper  ~  3 c. baby spinach  ~  1 14-oz can artichoke hearts, drained, patted very dry and chopped',
'Heat oven to 500°F (if you can’t heat the oven this high without broiling, heat to 475°F).
 On a lightly floured surface, shape the pizza dough into a 14-in. oval. Place on a cornmeal-dusted or parchment-lined baking sheet. 
 In a mini food processor, puree cottage cheese, pecorino, lemon zest, and 1/4 tsp each salt and pepper. In a bowl, toss spinach, artichoke hearts, garlic, oil, and 1/4 tsp each salt and pepper.
 '
);